Current_Category,Current_Topic,Current_Sub_Topic,Survey_Channel,Est_Count,Est_Pct,V5_Reporting_Category,V5_Reporting_Topic,V5_Reporting_Sub_Topic,Scorecard_Tier,Probation_Days,Strategic_Protection,Change_Type,Rationale
People,Overall Rep Satisfaction,Rep Overall Negative (General Dissatisfaction),All,102,0.11%,People,Overall Rep Satisfaction,Rep Overall Negative (General Dissatisfaction),Executive scorecard,0,No,Keep as-is,Retain diagnostic granularity while aligning scorecard visibility to volume.
People,Overall Rep Satisfaction,Rep Overall Positive (General Praise),All,17,0.02%,People,Overall Rep Satisfaction,Rep Overall Positive (General Praise),Probation parking lot,60,No,No structure change; visibility tier change,Retain diagnostic granularity while aligning scorecard visibility to volume.
People,Rep Accountability & Follow-Through,Rep Did Not Follow Through / Broken Promise,All,1797,1.85%,People,Rep Accountability & Follow-Through,Rep Did Not Follow Through / Broken Promise,Protected (show in analyst + governance views),0,Yes,No structure change; visibility tier change,Strategic-risk or accessibility signal; keep distinct regardless of volume.
People,Rep Accountability & Follow-Through,Rep Followed Through on Promises,All,179,0.19%,People,Rep Accountability & Follow-Through,Rep Followed Through on Promises,Executive scorecard,0,No,Keep as-is,Retain diagnostic granularity while aligning scorecard visibility to volume.
People,Rep Accountability & Follow-Through,Rep Passed the Buck / No Ownership,All,12,0.01%,People,Rep Accountability & Follow-Through,Rep Passed the Buck / No Ownership,Probation parking lot,60,No,No structure change; visibility tier change,Retain diagnostic granularity while aligning scorecard visibility to volume.
People,Rep Accountability & Follow-Through,Rep Took Ownership of the Issue,All,221,0.23%,People,Rep Accountability & Follow-Through,Rep Took Ownership of the Issue,Executive scorecard,0,No,Keep as-is,Retain diagnostic granularity while aligning scorecard visibility to volume.
People,Rep Attitude & Demeanor,Rep Hung Up / Ended Call Prematurely,Care,349,0.36%,People,Rep Attitude & Demeanor,Rep Hung Up / Ended Call Prematurely,Executive scorecard,0,No,Keep as-is,Retain diagnostic granularity while aligning scorecard visibility to volume.
People,Rep Attitude & Demeanor,Rep Was Dismissive / Did Not Listen,All,209,0.22%,People,Rep Attitude & Demeanor,Rep Was Dismissive / Did Not Listen,Executive scorecard,0,No,Keep as-is,Retain diagnostic granularity while aligning scorecard visibility to volume.
People,Rep Attitude & Demeanor,Rep Was Friendly / Kind / Warm,All,4266,4.40%,People,Rep Attitude & Demeanor,Rep Was Friendly / Kind / Warm,Executive scorecard,0,No,Keep as-is,Retain diagnostic granularity while aligning scorecard visibility to volume.
People,Rep Attitude & Demeanor,Rep Was Pushy / Aggressive Sales Approach,All,13,0.01%,People,Rep Attitude & Demeanor,Rep Was Pushy / Aggressive Sales Approach,Probation parking lot,60,No,No structure change; visibility tier change,Retain diagnostic granularity while aligning scorecard visibility to volume.
People,Rep Attitude & Demeanor,Rep Was Rude / Disrespectful,All,190,0.20%,People,Rep Attitude & Demeanor,Rep Was Rude / Disrespectful,Executive scorecard,0,No,Keep as-is,Retain diagnostic granularity while aligning scorecard visibility to volume.
People,Rep Communication,Language Barrier or Comprehension Issue,Care,90,0.09%,People,Rep Communication,Language Barrier or Comprehension Issue,Analyst monitor tier,60,No,No structure change; visibility tier change,Retain diagnostic granularity while aligning scorecard visibility to volume.
People,Rep Communication,Poor Listening or Interruptive Behavior,All,72,0.07%,People,Rep Communication,Poor Listening or Interruptive Behavior,Analyst monitor tier,60,No,No structure change; visibility tier change,Retain diagnostic granularity while aligning scorecard visibility to volume.
People,Rep Communication,Rep Communicated Clearly & Effectively,All,37,0.04%,People,Rep Communication,Rep Communicated Clearly & Effectively,Analyst monitor tier,60,No,No structure change; visibility tier change,Retain diagnostic granularity while aligning scorecard visibility to volume.
People,Rep Communication,Request for Different Communication Support,Care,527,0.54%,People,Rep Communication,Request for Different Communication Support,Protected (show in analyst + governance views),0,Yes,No structure change; visibility tier change,Strategic-risk or accessibility signal; keep distinct regardless of volume.
People,Rep Communication,"Unclear, Incomplete, or Confusing Communication",All,11,0.01%,People,Rep Communication,"Unclear, Incomplete, or Confusing Communication",Probation parking lot,60,No,No structure change; visibility tier change,Retain diagnostic granularity while aligning scorecard visibility to volume.
People,Rep Empathy & Emotional Ownership,Rep Apologized / Took Emotional Ownership,All,44,0.05%,People,Rep Empathy & Emotional Ownership,Rep Apologized / Took Emotional Ownership,Analyst monitor tier,60,No,No structure change; visibility tier change,Retain diagnostic granularity while aligning scorecard visibility to volume.
People,Rep Empathy & Emotional Ownership,Rep Did Not Apologize / Deflected Blame,All,47,0.05%,People,Rep Empathy & Emotional Ownership,Rep Did Not Apologize / Deflected Blame,Analyst monitor tier,60,No,No structure change; visibility tier change,Retain diagnostic granularity while aligning scorecard visibility to volume.
People,Rep Empathy & Emotional Ownership,Rep Lacked Empathy / Did Not Acknowledge Frustration,All,116,0.12%,People,Rep Empathy & Emotional Ownership,Rep Lacked Empathy / Did Not Acknowledge Frustration,Executive scorecard,0,No,Keep as-is,Retain diagnostic granularity while aligning scorecard visibility to volume.
People,Rep Empathy & Emotional Ownership,Rep Showed Empathy / Understanding,All,465,0.48%,People,Rep Empathy & Emotional Ownership,Rep Showed Empathy / Understanding,Executive scorecard,0,No,Keep as-is,Retain diagnostic granularity while aligning scorecard visibility to volume.
People,Rep Helpfulness,Rep Was Helpful,All,425,0.44%,People,Rep Helpfulness,Rep Was Helpful,Executive scorecard,0,No,Keep as-is,Retain diagnostic granularity while aligning scorecard visibility to volume.
People,Rep Helpfulness,Rep Was Not Helpful,All,1521,1.57%,People,Rep Helpfulness,Rep Was Not Helpful,Executive scorecard,0,No,Keep as-is,Retain diagnostic granularity while aligning scorecard visibility to volume.
People,Rep Helpfulness,Rep Went Above and Beyond,All,1142,1.18%,People,Rep Helpfulness,Rep Went Above and Beyond,Executive scorecard,0,No,Keep as-is,Retain diagnostic granularity while aligning scorecard visibility to volume.
People,Rep Knowledge & Accuracy,Rep Lacked Knowledge / Gave Wrong Information,All,557,0.57%,People,Rep Knowledge & Accuracy,Rep Lacked Knowledge / Gave Wrong Information,Executive scorecard,0,No,Keep as-is,Retain diagnostic granularity while aligning scorecard visibility to volume.
People,Rep Knowledge & Accuracy,Rep Was Knowledgeable / Accurate,All,284,0.29%,People,Rep Knowledge & Accuracy,Rep Was Knowledgeable / Accurate,Executive scorecard,0,No,Keep as-is,Retain diagnostic granularity while aligning scorecard visibility to volume.
People,Rep Patience & Thoroughness,Rep Was Impatient / Rushed,All,57,0.06%,People,Rep Patience & Thoroughness,Rep Was Impatient / Rushed,Analyst monitor tier,60,No,No structure change; visibility tier change,Retain diagnostic granularity while aligning scorecard visibility to volume.
People,Rep Patience & Thoroughness,Rep Was Patient,All,2033,2.10%,People,Rep Patience & Thoroughness,Rep Was Patient,Executive scorecard,0,No,Keep as-is,Retain diagnostic granularity while aligning scorecard visibility to volume.
People,Rep Patience & Thoroughness,Rep Was Thorough / Detailed,All,528,0.54%,People,Rep Patience & Thoroughness,Rep Was Thorough / Detailed,Executive scorecard,0,No,Keep as-is,Retain diagnostic granularity while aligning scorecard visibility to volume.
People,Rep Professionalism,Rep Was Professional,All,29,0.03%,People,Rep Professionalism,Rep Was Professional,Probation parking lot,60,No,No structure change; visibility tier change,Retain diagnostic granularity while aligning scorecard visibility to volume.
People,Rep Professionalism,Rep Was Unprofessional / Incompetent,All,19,0.02%,People,Rep Professionalism,Rep Was Unprofessional / Incompetent,Probation parking lot,60,No,No structure change; visibility tier change,Retain diagnostic granularity while aligning scorecard visibility to volume.
People,Rep Recognition & Retention,Give Rep a Raise / Promotion,All,1049,1.08%,People,Rep Recognition & Retention,Give Rep a Raise / Promotion,Executive scorecard,0,No,Keep as-is,Retain diagnostic granularity while aligning scorecard visibility to volume.
People,Rep Recognition & Retention,Rep Named Specifically (Negative Mention),All,84,0.09%,People,Rep Recognition & Retention,Rep Named Specifically,Analyst monitor tier,90,No,Probation rollup candidate,Low-volume node; monitor before any default rollup decision.
People,Rep Recognition & Retention,Rep Named Specifically (Positive Mention),All,46,0.05%,People,Rep Recognition & Retention,Rep Named Specifically,Analyst monitor tier,90,No,Probation rollup candidate,Low-volume node; monitor before any default rollup decision.
People,Sales Transparency & Offer Accuracy,BOGO / Promotion Confusion,All,19,0.02%,People,Sales Transparency & Offer Accuracy,BOGO / Promotion Confusion,Probation parking lot,60,No,No structure change; visibility tier change,Retain diagnostic granularity while aligning scorecard visibility to volume.
People,Sales Transparency & Offer Accuracy,Offer / Promotion Was Clearly Explained,All,686,0.71%,People,Sales Transparency & Offer Accuracy,Offer / Promotion Was Clearly Explained,Executive scorecard,0,No,Keep as-is,Retain diagnostic granularity while aligning scorecard visibility to volume.
People,Sales Transparency & Offer Accuracy,Offer Was Misrepresented / Not What Was Promised,All,132,0.14%,People,Sales Transparency & Offer Accuracy,Offer Was Misrepresented / Not What Was Promised,Executive scorecard,0,No,Keep as-is,Retain diagnostic granularity while aligning scorecard visibility to volume.
Platform,Account Access & Login,Account Access Issue / Can't Log In,All,632,0.65%,Platform,Account Access & Login,Account Access Issue / Can't Log In,Executive scorecard,0,No,Keep as-is,Retain diagnostic granularity while aligning scorecard visibility to volume.
Platform,Account Access & Login,Password/Passcode Reset,All,100,0.10%,Platform,Account Access & Login,Password/Passcode Reset,Executive scorecard,0,No,Keep as-is,Retain diagnostic granularity while aligning scorecard visibility to volume.
Platform,App Experience,App Is Confusing / Hard to Navigate,All,415,0.43%,Platform,App Experience,App Is Confusing / Hard to Navigate,Executive scorecard,0,No,Keep as-is,Retain diagnostic granularity while aligning scorecard visibility to volume.
Platform,App Experience,App Is Easy to Use / Works Well,All,48,0.05%,Platform,App Experience,App Is Easy to Use / Works Well,Analyst monitor tier,60,No,No structure change; visibility tier change,Retain diagnostic granularity while aligning scorecard visibility to volume.
Platform,App Experience,App Not Working / Crashes / Errors,All,63,0.07%,Platform,App Experience,App Not Working / Crashes / Errors,Analyst monitor tier,60,No,No structure change; visibility tier change,Retain diagnostic granularity while aligning scorecard visibility to volume.
Platform,Online Chat Experience,Chat Was Helpful / Easy to Use,Care,152,0.16%,Platform,Online Chat Experience,Chat Was Helpful / Easy to Use,Executive scorecard,0,No,Keep as-is,Retain diagnostic granularity while aligning scorecard visibility to volume.
Platform,Online Chat Experience,Chat Was Unhelpful / Couldn't Resolve via Chat,Care,448,0.46%,Platform,Online Chat Experience,Chat Was Unhelpful / Couldn't Resolve via Chat,Executive scorecard,0,No,Keep as-is,Retain diagnostic granularity while aligning scorecard visibility to volume.
Platform,Online Chat Experience,Long Wait for Chat / Slow Responses,Care,51,0.05%,Platform,Online Chat Experience,Long Wait for Chat / Slow Responses,Analyst monitor tier,60,No,No structure change; visibility tier change,Retain diagnostic granularity while aligning scorecard visibility to volume.
Platform,Self-Service & Digital Tools,Could Not Self-Serve / Had to Call Anyway,All,353,0.36%,Platform,Self-Service & Digital Tools,Could Not Self-Serve / Had to Call Anyway,Executive scorecard,0,No,Keep as-is,Retain diagnostic granularity while aligning scorecard visibility to volume.
Platform,Self-Service & Digital Tools,Self-Service Was Easy / Managed It Myself,All,58,0.06%,Platform,Self-Service & Digital Tools,Self-Service Was Easy / Managed It Myself,Analyst monitor tier,60,No,No structure change; visibility tier change,Retain diagnostic granularity while aligning scorecard visibility to volume.
Platform,Technology & Systems Reliability,System Slow/Outage Caused Delays,All,25,0.03%,Platform,Technology & Systems Reliability,System Slow/Outage Caused Delays,Probation parking lot,60,No,No structure change; visibility tier change,Retain diagnostic granularity while aligning scorecard visibility to volume.
Platform,Technology & Systems Reliability,Transaction Was Smooth / System Worked Well,All,419,0.43%,Platform,Technology & Systems Reliability,Transaction Was Smooth / System Worked Well,Executive scorecard,0,No,Keep as-is,Retain diagnostic granularity while aligning scorecard visibility to volume.
Platform,Website Experience,Website Is Confusing / Can't Find Information,All,226,0.23%,Platform,Website Experience,Website Is Confusing / Can't Find Information,Executive scorecard,0,No,Keep as-is,Retain diagnostic granularity while aligning scorecard visibility to volume.
Platform,Website Experience,Website Is Easy to Use / Works Well,All,51,0.05%,Platform,Website Experience,Website Is Easy to Use / Works Well,Analyst monitor tier,60,No,No structure change; visibility tier change,Retain diagnostic granularity while aligning scorecard visibility to volume.
Platform,Website Experience,Website Not Working / Technical Issues,All,85,0.09%,Platform,Website Experience,Website Not Working / Technical Issues,Analyst monitor tier,60,No,No structure change; visibility tier change,Retain diagnostic granularity while aligning scorecard visibility to volume.
Policy,Brand Loyalty & Sentiment,AT&T Brand Loyalty / Positive Brand Sentiment,All,149,0.15%,Policy,Brand Loyalty & Sentiment,AT&T Brand Loyalty / Positive Brand Sentiment,Executive scorecard,0,No,Keep as-is,Retain diagnostic granularity while aligning scorecard visibility to volume.
Policy,Brand Loyalty & Sentiment,AT&T Brand Negative / Dissatisfied with Company,All,450,0.46%,Policy,Brand Loyalty & Sentiment,AT&T Brand Negative / Dissatisfied with Company,Executive scorecard,0,No,Keep as-is,Retain diagnostic granularity while aligning scorecard visibility to volume.
Policy,Brand Loyalty & Sentiment,Long-Tenure Customer Feels Unvalued,All,67,0.07%,Policy,Brand Loyalty & Sentiment,Long-Tenure Customer Feels Unvalued,Analyst monitor tier,60,No,No structure change; visibility tier change,Retain diagnostic granularity while aligning scorecard visibility to volume.
Policy,Cancellation & Switching Intent,Canceling / Leaving AT&T (General),All,81,0.08%,Policy,Cancellation & Switching Intent,Canceling / Leaving AT&T (General),Analyst monitor tier,60,No,No structure change; visibility tier change,Retain diagnostic granularity while aligning scorecard visibility to volume.
Policy,Cancellation & Switching Intent,Retention Save — Stayed Because of Rep / Offer,All,153,0.16%,Policy,Cancellation & Switching Intent,Retention Save — Stayed Because of Rep / Offer,Executive scorecard,0,No,Keep as-is,Retain diagnostic granularity while aligning scorecard visibility to volume.
Policy,Cancellation & Switching Intent,Switching Reason — Poor Customer Service,All,443,0.46%,Policy,Cancellation & Switching Intent,Switching Reason — Poor Customer Service,Executive scorecard,0,No,Keep as-is,Retain diagnostic granularity while aligning scorecard visibility to volume.
Policy,Cancellation & Switching Intent,Switching Reason — Price / Cost,All,96,0.10%,Policy,Cancellation & Switching Intent,Switching Reason — Price / Cost,Analyst monitor tier,60,No,No structure change; visibility tier change,Retain diagnostic granularity while aligning scorecard visibility to volume.
Policy,Cancellation & Switching Intent,Switching Reason — Service Quality / Coverage,All,44,0.05%,Policy,Cancellation & Switching Intent,Switching Reason — Service Quality / Coverage,Analyst monitor tier,60,No,No structure change; visibility tier change,Retain diagnostic granularity while aligning scorecard visibility to volume.
Policy,Cancellation & Switching Intent,Switching to Competitor — Other ISP,All,49,0.05%,Policy,Cancellation & Switching Intent,Switching to Competitor — Other ISP,Analyst monitor tier,60,No,No structure change; visibility tier change,Retain diagnostic granularity while aligning scorecard visibility to volume.
Policy,Cancellation & Switching Intent,Switching to Competitor — Spectrum,All,33,0.03%,Policy,Cancellation & Switching Intent,Switching to Competitor — Spectrum,Analyst monitor tier,60,No,No structure change; visibility tier change,Retain diagnostic granularity while aligning scorecard visibility to volume.
Policy,Cancellation & Switching Intent,Switching to Competitor — T-Mobile,All,97,0.10%,Policy,Cancellation & Switching Intent,Switching to Competitor — T-Mobile,Analyst monitor tier,60,No,No structure change; visibility tier change,Retain diagnostic granularity while aligning scorecard visibility to volume.
Policy,Cancellation & Switching Intent,Switching to Competitor — Verizon,All,80,0.08%,Policy,Cancellation & Switching Intent,Switching to Competitor — Verizon,Analyst monitor tier,60,No,No structure change; visibility tier change,Retain diagnostic granularity while aligning scorecard visibility to volume.
Policy,Cancellation & Switching Intent,Switching to Competitor — Xfinity,All,15,0.02%,Policy,Cancellation & Switching Intent,Switching to Competitor — Xfinity,Probation parking lot,60,No,No structure change; visibility tier change,Retain diagnostic granularity while aligning scorecard visibility to volume.
Policy,Contract & Terms Complaints,Contract Terms Unfair / Confusing,All,102,0.11%,Policy,Contract & Terms Complaints,Contract Terms Unfair / Confusing,Executive scorecard,0,No,Keep as-is,Retain diagnostic granularity while aligning scorecard visibility to volume.
Policy,Contract & Terms Complaints,Early Termination Fee / Cancellation Fee Complaint,All,56,0.06%,Policy,Contract & Terms Complaints,Early Termination Fee / Cancellation Fee Complaint,Analyst monitor tier,60,No,No structure change; visibility tier change,Retain diagnostic granularity while aligning scorecard visibility to volume.
Policy,Contract & Terms Complaints,Late Fee / Payment Policy Complaint,All,70,0.07%,Policy,Contract & Terms Complaints,Late Fee / Payment Policy Complaint,Analyst monitor tier,60,No,No structure change; visibility tier change,Retain diagnostic granularity while aligning scorecard visibility to volume.
Policy,Data Privacy & Security,Data Privacy/Security,All,118,0.12%,Policy,Data Privacy & Security,Data Privacy/Security,Protected (show in analyst + governance views),0,Yes,No structure change; visibility tier change,Strategic-risk or accessibility signal; keep distinct regardless of volume.
Policy,Outsourcing & Staffing Practices,Request to Stop Outsourcing / Use Local Staff,Care,94,0.10%,Policy,Outsourcing & Staffing Practices,Request to Stop Outsourcing / Use Local Staff,Protected (show in analyst + governance views),0,Yes,No structure change; visibility tier change,Strategic-risk or accessibility signal; keep distinct regardless of volume.
Policy,Upgrade & Trade-In Policy,Upgrade Policy Unfair / Not Eligible,All,191,0.20%,Policy,Upgrade & Trade-In Policy,Upgrade Policy Unfair / Not Eligible,Executive scorecard,0,No,Keep as-is,Retain diagnostic granularity while aligning scorecard visibility to volume.
Pricing,Bill Amount & Affordability,Bill Is Too High / Too Expensive,All,195,0.20%,Pricing,Bill Amount & Affordability,Bill Is Too High / Too Expensive,Executive scorecard,0,No,Keep as-is,Retain diagnostic granularity while aligning scorecard visibility to volume.
Pricing,Bill Amount & Affordability,Pricing Positive / Good Value / Saved Money,All,366,0.38%,Pricing,Bill Amount & Affordability,Pricing Positive / Good Value / Saved Money,Executive scorecard,0,No,Keep as-is,Retain diagnostic granularity while aligning scorecard visibility to volume.
Pricing,Bill Amount & Affordability,Request to Lower Bill / Reduce Costs,All,511,0.53%,Pricing,Bill Amount & Affordability,Request to Lower Bill / Reduce Costs,Executive scorecard,0,No,Keep as-is,Retain diagnostic granularity while aligning scorecard visibility to volume.
Pricing,Bill Increase & Rate Changes,Bill Increased / Price Went Up Unexpectedly,All,726,0.75%,Pricing,Bill Increase & Rate Changes,Bill Increased / Price Went Up Unexpectedly,Executive scorecard,0,No,Keep as-is,Retain diagnostic granularity while aligning scorecard visibility to volume.
Pricing,Bill Increase & Rate Changes,Corporate Greed / Predatory Pricing Language,All,9,0.01%,Pricing,Bill Increase & Rate Changes,Corporate Greed / Predatory Pricing Language,Probation parking lot,60,No,No structure change; visibility tier change,Retain diagnostic granularity while aligning scorecard visibility to volume.
Pricing,Bill Increase & Rate Changes,Promotion Expired / Price Jumped After Promo,All,115,0.12%,Pricing,Bill Increase & Rate Changes,Promotion Expired / Price Jumped After Promo,Executive scorecard,0,No,Keep as-is,Retain diagnostic granularity while aligning scorecard visibility to volume.
Pricing,Bill Inquiry & General Bill,Bill Inquiry,All,932,0.96%,Pricing,Bill Inquiry & General Bill,General Billing Inquiry,Executive scorecard,60,No,Reporting rollup,High semantic overlap and same operational action path.
Pricing,Bill Inquiry & General Bill,General Bill,All,62,0.06%,Pricing,Bill Inquiry & General Bill,General Billing Inquiry,Analyst monitor tier,60,No,Reporting rollup,High semantic overlap and same operational action path.
Pricing,Billing Errors & Disputes,Billing Error / Incorrect Charge / Overcharge,All,350,0.36%,Pricing,Billing Errors & Disputes,Billing Error / Incorrect Charge / Overcharge,Executive scorecard,0,No,Keep as-is,Retain diagnostic granularity while aligning scorecard visibility to volume.
Pricing,Billing Errors & Disputes,Charged After Cancellation,All,203,0.21%,Pricing,Billing Errors & Disputes,Charged After Cancellation,Executive scorecard,0,No,Keep as-is,Retain diagnostic granularity while aligning scorecard visibility to volume.
Pricing,Billing Errors & Disputes,Fraud / Scam Allegation,All,78,0.08%,Pricing,Billing Errors & Disputes,Fraud / Scam Allegation,Analyst monitor tier,60,No,No structure change; visibility tier change,Retain diagnostic granularity while aligning scorecard visibility to volume.
Pricing,Billing Errors & Disputes,Refund / Credit Request,All,84,0.09%,Pricing,Billing Errors & Disputes,Refund / Credit Request,Analyst monitor tier,60,No,No structure change; visibility tier change,Retain diagnostic granularity while aligning scorecard visibility to volume.
Pricing,Billing Errors & Disputes,Refund / Credit Was Applied Successfully,All,13,0.01%,Pricing,Billing Errors & Disputes,Refund / Credit Was Applied Successfully,Probation parking lot,60,No,No structure change; visibility tier change,Retain diagnostic granularity while aligning scorecard visibility to volume.
Pricing,Cancellation Threat Due to Cost,Competitor Pricing Comparison,All,17,0.02%,Pricing,Cancellation Threat Due to Cost,Competitor Pricing Comparison,Probation parking lot,60,No,No structure change; visibility tier change,Retain diagnostic granularity while aligning scorecard visibility to volume.
Pricing,Cancellation Threat Due to Cost,Leaving / Canceling Due to Cost,All,205,0.21%,Pricing,Cancellation Threat Due to Cost,Leaving / Canceling Due to Cost,Executive scorecard,0,No,Keep as-is,Retain diagnostic granularity while aligning scorecard visibility to volume.
Pricing,Device Payment & Installment Plan,Device Payment Plan Is Too Expensive,All,545,0.56%,Pricing,Device Payment & Installment Plan,Device Payment Plan Is Too Expensive,Executive scorecard,0,No,Keep as-is,Retain diagnostic granularity while aligning scorecard visibility to volume.
Pricing,Device Payment & Installment Plan,Device Payoff / Early Upgrade Confusion,All,23,0.02%,Pricing,Device Payment & Installment Plan,Device Payoff / Early Upgrade Confusion,Probation parking lot,60,No,No structure change; visibility tier change,Retain diagnostic granularity while aligning scorecard visibility to volume.
Pricing,Device Payment & Installment Plan,Trade-In Credit Not Applied / Less Than Promised,All,391,0.40%,Pricing,Device Payment & Installment Plan,Trade-In Credit Not Applied / Less Than Promised,Executive scorecard,0,No,Keep as-is,Retain diagnostic granularity while aligning scorecard visibility to volume.
Pricing,Hidden Fees & Unexpected Charges,Hidden Fees / Unexpected Charges on Bill,All,155,0.16%,Pricing,Hidden Fees & Unexpected Charges,Hidden Fees / Unexpected Charges on Bill,Executive scorecard,0,No,Keep as-is,Retain diagnostic granularity while aligning scorecard visibility to volume.
Pricing,Payment Process & Autopay,Autopay Discount / Paperless Positive,All,81,0.08%,Pricing,Payment Process & Autopay,Autopay Discount / Paperless Positive,Analyst monitor tier,60,No,No structure change; visibility tier change,Retain diagnostic granularity while aligning scorecard visibility to volume.
Pricing,Payment Process & Autopay,Autopay Issues / Payment Failed / Late Fee,All,58,0.06%,Pricing,Payment Process & Autopay,Autopay Issues / Payment Failed / Late Fee,Analyst monitor tier,60,No,No structure change; visibility tier change,Retain diagnostic granularity while aligning scorecard visibility to volume.
Pricing,Promotions & Discounts,55+ Wireless + Internet Bundle Discount,All,65,0.07%,Pricing,Promotions & Discounts,55+ Wireless + Internet Bundle Discount,Analyst monitor tier,60,No,No structure change; visibility tier change,Retain diagnostic granularity while aligning scorecard visibility to volume.
Pricing,Promotions & Discounts,Access by AT&T (Low-Cost Internet),All,22,0.02%,Pricing,Promotions & Discounts,Access by AT&T (Low-Cost Internet),Probation parking lot,60,No,No structure change; visibility tier change,Retain diagnostic granularity while aligning scorecard visibility to volume.
Pricing,Promotions & Discounts,Appreciation Savings Program,All,50,0.05%,Pricing,Promotions & Discounts,Appreciation Savings Program,Analyst monitor tier,60,No,No structure change; visibility tier change,Retain diagnostic granularity while aligning scorecard visibility to volume.
Pricing,Promotions & Discounts,Promotion / Discount Was Applied Successfully,All,11,0.01%,Pricing,Promotions & Discounts,Promotion / Discount Was Applied Successfully,Probation parking lot,60,No,No structure change; visibility tier change,Retain diagnostic granularity while aligning scorecard visibility to volume.
Pricing,Promotions & Discounts,Promotion Not Honored / Discount Not Applied,All,154,0.16%,Pricing,Promotions & Discounts,Promotion Not Honored / Discount Not Applied,Executive scorecard,0,No,Keep as-is,Retain diagnostic granularity while aligning scorecard visibility to volume.
Pricing,Promotions & Discounts,Request for Discount / Better Deal / Promotion,All,277,0.29%,Pricing,Promotions & Discounts,Request for Discount / Better Deal / Promotion,Executive scorecard,0,No,Keep as-is,Retain diagnostic granularity while aligning scorecard visibility to volume.
Pricing,Promotions & Discounts,Signature Savings Program,All,12,0.01%,Pricing,Promotions & Discounts,Signature Savings Program,Probation parking lot,60,No,No structure change; visibility tier change,Retain diagnostic granularity while aligning scorecard visibility to volume.
Pricing,Promotions & Discounts,Wireless + Fiber Bundle Discount,All,1,0.00%,Pricing,Promotions & Discounts,Wireless + Fiber Bundle Discount,Probation parking lot,60,No,No structure change; visibility tier change,Retain diagnostic granularity while aligning scorecard visibility to volume.
Process,AI Automation & IVR Experience,IVR / Phone Menu Navigation Difficulty,Care,91,0.09%,Process,AI Automation & IVR Experience,IVR / Phone Menu Navigation Difficulty,Analyst monitor tier,60,No,No structure change; visibility tier change,Retain diagnostic granularity while aligning scorecard visibility to volume.
Process,AI Automation & IVR Experience,Negative AI / IVR / Bot Experience,Care,60,0.06%,Process,AI Automation & IVR Experience,Negative AI / IVR / Bot Experience,Analyst monitor tier,60,No,No structure change; visibility tier change,Retain diagnostic granularity while aligning scorecard visibility to volume.
Process,AI Automation & IVR Experience,Positive Digital / Chat / Self-Service Experience,All,367,0.38%,Process,AI Automation & IVR Experience,Positive Digital / Chat / Self-Service Experience,Executive scorecard,0,No,Keep as-is,Retain diagnostic granularity while aligning scorecard visibility to volume.
Process,Appointment Scheduling,Appointment Rescheduled Without Notice,Care | IHE,91,0.09%,Process,Appointment Scheduling,Appointment Rescheduled Without Notice,Analyst monitor tier,60,No,No structure change; visibility tier change,Retain diagnostic granularity while aligning scorecard visibility to volume.
Process,Appointment Scheduling,Appointment Window Too Wide / Inconvenient,Care | IHE,10,0.01%,Process,Appointment Scheduling,Appointment Window Too Wide / Inconvenient,Probation parking lot,60,No,No structure change; visibility tier change,Retain diagnostic granularity while aligning scorecard visibility to volume.
Process,Appointment Scheduling,Scheduling Was Difficult / No Availability,Care | IHE,30,0.03%,Process,Appointment Scheduling,Scheduling Was Difficult / No Availability,Analyst monitor tier,60,No,No structure change; visibility tier change,Retain diagnostic granularity while aligning scorecard visibility to volume.
Process,Appointment Scheduling,Scheduling Was Easy / Convenient Time Offered,Care | IHE,168,0.17%,Process,Appointment Scheduling,Scheduling Was Easy / Convenient Time Offered,Executive scorecard,0,No,Keep as-is,Retain diagnostic granularity while aligning scorecard visibility to volume.
Process,Call / Connection Issues,Call Was Dropped / Disconnected,Care,1433,1.48%,Process,Call / Connection Issues,Call Was Dropped / Disconnected,Protected (show in analyst + governance views),0,Yes,No structure change; visibility tier change,Strategic-risk or accessibility signal; keep distinct regardless of volume.
Process,Call / Connection Issues,Chat Disconnected / Session Ended Prematurely,Care,29,0.03%,Process,Call / Connection Issues,Chat Disconnected / Session Ended Prematurely,Probation parking lot,60,No,No structure change; visibility tier change,Retain diagnostic granularity while aligning scorecard visibility to volume.
Process,Call Center Environment & Atmosphere,Difficulty Hearing Rep (Headset/Audio),Care,18,0.02%,Process,Call Center Environment & Atmosphere,Difficulty Hearing Rep (Headset/Audio),Probation parking lot,60,No,No structure change; visibility tier change,Retain diagnostic granularity while aligning scorecard visibility to volume.
Process,Call Center Environment & Atmosphere,Loud Background Noise in Call Center,Care,628,0.65%,Process,Call Center Environment & Atmosphere,Loud Background Noise in Call Center,Executive scorecard,0,No,Keep as-is,Retain diagnostic granularity while aligning scorecard visibility to volume.
Process,Callback & Follow-Up,Customer Requesting Callback / Follow-Up,All,35,0.04%,Process,Callback & Follow-Up,Customer Requesting Callback / Follow-Up,Analyst monitor tier,60,No,No structure change; visibility tier change,Retain diagnostic granularity while aligning scorecard visibility to volume.
Process,Callback & Follow-Up,Promised Callback Never Received,All,421,0.43%,Process,Callback & Follow-Up,Promised Callback Never Received,Executive scorecard,0,No,Keep as-is,Retain diagnostic granularity while aligning scorecard visibility to volume.
Process,Callback & Follow-Up,Received Proactive Follow-Up / Status Update,All,149,0.15%,Process,Callback & Follow-Up,Received Proactive Follow-Up / Status Update,Executive scorecard,0,No,Keep as-is,Retain diagnostic granularity while aligning scorecard visibility to volume.
Process,Cross-Channel Friction,"Care-to-Store Referral: Billing, Account & Policy",Care | Retail | National Retail,70,0.07%,Process,Cross-Channel Friction,"Care-to-Store Referral: Billing, Account & Policy",Analyst monitor tier,60,No,No structure change; visibility tier change,Retain diagnostic granularity while aligning scorecard visibility to volume.
Process,Cross-Channel Friction,Care-to-Store Referral: Tech / Device Issue,Care | Retail | National Retail,258,0.27%,Process,Cross-Channel Friction,Care-to-Store Referral: Tech / Device Issue,Executive scorecard,0,No,Keep as-is,Retain diagnostic granularity while aligning scorecard visibility to volume.
Process,Cross-Channel Friction,Circular Runaround: Neither Channel Resolves,Care | Retail | National Retail,32,0.03%,Process,Cross-Channel Friction,Circular Runaround: Neither Channel Resolves,Analyst monitor tier,60,No,No structure change; visibility tier change,Retain diagnostic granularity while aligning scorecard visibility to volume.
Process,Cross-Channel Friction,Conflicting Information: Store vs. Care,Care | Retail | National Retail,149,0.15%,Process,Cross-Channel Friction,Conflicting Information: Store vs. Care,Executive scorecard,0,No,Keep as-is,Retain diagnostic granularity while aligning scorecard visibility to volume.
Process,Cross-Channel Friction,Store-to-Care Deflection,Care | Retail | National Retail,3,0.00%,Process,Cross-Channel Friction,Store-to-Care Deflection,Probation parking lot,60,No,No structure change; visibility tier change,Retain diagnostic granularity while aligning scorecard visibility to volume.
Process,Ease of Interaction & Process Friction,Interaction Was Difficult / Frustrating / Complicated,All,304,0.31%,Process,Ease of Interaction & Process Friction,Interaction Was Difficult / Frustrating / Complicated,Executive scorecard,0,No,Keep as-is,Retain diagnostic granularity while aligning scorecard visibility to volume.
Process,Ease of Interaction & Process Friction,Interaction Was Easy / Smooth / Seamless,All,223,0.23%,Process,Ease of Interaction & Process Friction,Interaction Was Easy / Smooth / Seamless,Executive scorecard,0,No,Keep as-is,Retain diagnostic granularity while aligning scorecard visibility to volume.
Process,Ease of Interaction & Process Friction,Process Was Confusing / Unclear Next Steps,All,200,0.21%,Process,Ease of Interaction & Process Friction,Process Was Confusing / Unclear Next Steps,Executive scorecard,0,No,Keep as-is,Retain diagnostic granularity while aligning scorecard visibility to volume.
Process,Escalation & Supervisor Access,Could Not Reach Supervisor / Denied Escalation,All,475,0.49%,Process,Escalation & Supervisor Access,Could Not Reach Supervisor / Denied Escalation,Executive scorecard,0,No,Keep as-is,Retain diagnostic granularity while aligning scorecard visibility to volume.
Process,Escalation & Supervisor Access,Supervisor Was Helpful / Resolved Issue,All,349,0.36%,Process,Escalation & Supervisor Access,Supervisor Was Helpful / Resolved Issue,Executive scorecard,0,No,Keep as-is,Retain diagnostic granularity while aligning scorecard visibility to volume.
Process,Escalation & Supervisor Access,Supervisor Was Unhelpful / Same as Rep,All,200,0.21%,Process,Escalation & Supervisor Access,Supervisor Was Unhelpful / Same as Rep,Executive scorecard,0,No,Keep as-is,Retain diagnostic granularity while aligning scorecard visibility to volume.
Process,General Customer Service,Negative General Customer Service,All,3,0.00%,Process,General Customer Service,General Customer Service (Unspecified),Probation parking lot,60,No,Reporting rollup,High semantic overlap and same operational action path.
Process,General Customer Service,Positive General Customer Service,All,0,0%,Process,General Customer Service,General Customer Service (Unspecified),Probation parking lot,60,No,Reporting rollup,High semantic overlap and same operational action path.
Process,Installation & Service Activation,Installation Had Problems / Not Done Correctly,Care | IHE,519,0.54%,Process,Installation & Service Activation,Installation Had Problems / Not Done Correctly,Executive scorecard,0,No,Keep as-is,Retain diagnostic granularity while aligning scorecard visibility to volume.
Process,Installation & Service Activation,Installation Was Smooth / Quick,Care | IHE,211,0.22%,Process,Installation & Service Activation,Installation Was Smooth / Quick,Executive scorecard,0,No,Keep as-is,Retain diagnostic granularity while aligning scorecard visibility to volume.
Process,Installation & Service Activation,Multiple Technician Visits Required,Care | IHE,51,0.05%,Process,Installation & Service Activation,Multiple Technician Visits Required,Analyst monitor tier,60,No,No structure change; visibility tier change,Retain diagnostic granularity while aligning scorecard visibility to volume.
Process,Installation & Service Activation,Service Activation Delayed / Not Active Yet,All,171,0.18%,Process,Installation & Service Activation,Service Activation Delayed / Not Active Yet,Executive scorecard,0,No,Keep as-is,Retain diagnostic granularity while aligning scorecard visibility to volume.
Process,Issue Resolution & Outcome,Issue Not Resolved / Still Unresolved,All,2689,2.77%,Process,Issue Resolution & Outcome,Issue Not Resolved / Still Unresolved,Executive scorecard,0,No,Keep as-is,Retain diagnostic granularity while aligning scorecard visibility to volume.
Process,Issue Resolution & Outcome,Issue Resolved / Problem Solved,All,2243,2.31%,Process,Issue Resolution & Outcome,Issue Resolved / Problem Solved,Executive scorecard,0,No,Keep as-is,Retain diagnostic granularity while aligning scorecard visibility to volume.
Process,Issue Resolution & Outcome,Partial Resolution / Issue Ongoing,All,218,0.23%,Process,Issue Resolution & Outcome,Partial Resolution / Issue Ongoing,Executive scorecard,0,No,Keep as-is,Retain diagnostic granularity while aligning scorecard visibility to volume.
Process,Issue Resolution & Outcome,Required Multiple Contacts to Resolve,All,131,0.14%,Process,Issue Resolution & Outcome,Required Multiple Contacts to Resolve,Executive scorecard,0,No,Keep as-is,Retain diagnostic granularity while aligning scorecard visibility to volume.
Process,Issue Resolution & Outcome,Resolved on First Contact,All,92,0.10%,Process,Issue Resolution & Outcome,Resolved on First Contact,Analyst monitor tier,60,No,No structure change; visibility tier change,Retain diagnostic granularity while aligning scorecard visibility to volume.
Process,New Customer Onboarding Experience,First Bill Was Confusing / Higher Than Expected,All,991,1.02%,Process,New Customer Onboarding Experience,First Bill Was Confusing / Higher Than Expected,Executive scorecard,0,No,Keep as-is,Retain diagnostic granularity while aligning scorecard visibility to volume.
Process,New Customer Onboarding Experience,Onboarding Was Smooth / Felt Welcome as New Customer,All,537,0.55%,Process,New Customer Onboarding Experience,Onboarding Was Smooth / Felt Welcome as New Customer,Executive scorecard,0,No,Keep as-is,Retain diagnostic granularity while aligning scorecard visibility to volume.
Process,New Customer Onboarding Experience,Switching / Porting Process Was Difficult,All,84,0.09%,Process,New Customer Onboarding Experience,Switching / Porting Process Was Difficult,Analyst monitor tier,60,No,No structure change; visibility tier change,Retain diagnostic granularity while aligning scorecard visibility to volume.
Process,Perceived Trust - Wrong Information,Inconsistent Information,All,42,0.04%,Process,Perceived Trust - Wrong Information,Inconsistent Information,Analyst monitor tier,60,No,No structure change; visibility tier change,Retain diagnostic granularity while aligning scorecard visibility to volume.
Process,Perceived Trust - Wrong Information,Perceived Trust,All,11,0.01%,Process,Perceived Trust - Wrong Information,Perceived Trust,Probation parking lot,60,No,No structure change; visibility tier change,Retain diagnostic granularity while aligning scorecard visibility to volume.
Process,Perceived Trust - Wrong Information,Wrong Information,All,364,0.38%,Process,Perceived Trust - Wrong Information,Wrong Information,Executive scorecard,0,No,Keep as-is,Retain diagnostic granularity while aligning scorecard visibility to volume.
Process,Proactive Communication & Transparency,Appreciated Proactive Communication / Notification,All,256,0.26%,Process,Proactive Communication & Transparency,Appreciated Proactive Communication / Notification,Executive scorecard,0,No,Keep as-is,Retain diagnostic granularity while aligning scorecard visibility to volume.
Process,Proactive Communication & Transparency,Lack of Transparency / Felt Kept in the Dark,All,64,0.07%,Process,Proactive Communication & Transparency,Lack of Transparency / Felt Kept in the Dark,Analyst monitor tier,60,No,No structure change; visibility tier change,Retain diagnostic granularity while aligning scorecard visibility to volume.
Process,Proactive Communication & Transparency,No Communication / Not Notified About Issue or Change,All,278,0.29%,Process,Proactive Communication & Transparency,No Communication / Not Notified About Issue or Change,Executive scorecard,0,No,Keep as-is,Retain diagnostic granularity while aligning scorecard visibility to volume.
Process,Shop & Purchase,Activation & Porting,Care,11,0.01%,Process,Shop & Purchase,Shop & Purchase — Other Transaction Friction,Probation parking lot,60,No,Probation rollup candidate,Low-volume node; monitor before any default rollup decision.
Process,Shop & Purchase,Add a Line,Care,326,0.34%,Process,Shop & Purchase,Add a Line,Executive scorecard,0,No,Keep as-is,Retain diagnostic granularity while aligning scorecard visibility to volume.
Process,Shop & Purchase,Exchange & Replace,Care,8,0.01%,Process,Shop & Purchase,Shop & Purchase — Other Transaction Friction,Probation parking lot,60,No,Probation rollup candidate,Low-volume node; monitor before any default rollup decision.
Process,Shop & Purchase,Fulfillment — Delivery,Care,3,0.00%,Process,Shop & Purchase,Shop & Purchase — Other Transaction Friction,Probation parking lot,60,No,Probation rollup candidate,Low-volume node; monitor before any default rollup decision.
Process,Shop & Purchase,Fulfillment — Order,Care,176,0.18%,Process,Shop & Purchase,Fulfillment — Order,Executive scorecard,0,No,Keep as-is,Retain diagnostic granularity while aligning scorecard visibility to volume.
Process,Shop & Purchase,New Account,Care,3,0.00%,Process,Shop & Purchase,Shop & Purchase — Other Transaction Friction,Probation parking lot,60,No,Probation rollup candidate,Low-volume node; monitor before any default rollup decision.
Process,Shop & Purchase,Returns,Care,2,0.00%,Process,Shop & Purchase,Shop & Purchase — Other Transaction Friction,Probation parking lot,60,No,Probation rollup candidate,Low-volume node; monitor before any default rollup decision.
Process,Shop & Purchase,Trade-In,Care,2,0.00%,Process,Shop & Purchase,Shop & Purchase — Other Transaction Friction,Probation parking lot,60,No,Probation rollup candidate,Low-volume node; monitor before any default rollup decision.
Process,Shop & Purchase,Unauthorized Account Changes,Care,33,0.03%,Process,Shop & Purchase,Shop & Purchase — Other Transaction Friction,Analyst monitor tier,60,No,Probation rollup candidate,Low-volume node; monitor before any default rollup decision.
Process,Shop & Purchase,Upgrade,Care,2,0.00%,Process,Shop & Purchase,Shop & Purchase — Other Transaction Friction,Probation parking lot,60,No,Probation rollup candidate,Low-volume node; monitor before any default rollup decision.
Process,Shop & Purchase,Warranty & Device Protection Exchange,Care,23,0.02%,Process,Shop & Purchase,Shop & Purchase — Other Transaction Friction,Probation parking lot,60,No,Probation rollup candidate,Low-volume node; monitor before any default rollup decision.
Process,Technician Visit Timeliness,Technician Arrived On Time / Within Window,Care | IHE,1435,1.48%,Process,Technician Visit Timeliness,Technician Arrived On Time / Within Window,Executive scorecard,0,No,Keep as-is,Retain diagnostic granularity while aligning scorecard visibility to volume.
Process,Technician Visit Timeliness,Technician No-Show / Did Not Show Up,Care | IHE,417,0.43%,Process,Technician Visit Timeliness,Technician No-Show / Did Not Show Up,Executive scorecard,0,No,Keep as-is,Retain diagnostic granularity while aligning scorecard visibility to volume.
Process,Technician Visit Timeliness,Technician Was Late,Care | IHE,89,0.09%,Process,Technician Visit Timeliness,Technician Was Late,Analyst monitor tier,60,No,No structure change; visibility tier change,Retain diagnostic granularity while aligning scorecard visibility to volume.
Process,Transfers & Routing,Had to Repeat Information After Transfer,Care,93,0.10%,Process,Transfers & Routing,Had to Repeat Information After Transfer,Analyst monitor tier,60,No,No structure change; visibility tier change,Retain diagnostic granularity while aligning scorecard visibility to volume.
Process,Transfers & Routing,Too Many Transfers / Bounced Around,Care,109,0.11%,Process,Transfers & Routing,Too Many Transfers / Bounced Around,Executive scorecard,0,No,Keep as-is,Retain diagnostic granularity while aligning scorecard visibility to volume.
Process,Transfers & Routing,Transferred to Right Person / Smooth Handoff,Care,736,0.76%,Process,Transfers & Routing,Transferred to Right Person / Smooth Handoff,Executive scorecard,0,No,Keep as-is,Retain diagnostic granularity while aligning scorecard visibility to volume.
Process,Wait Time & Speed of Service,Long Wait for Rep,Care,165,0.17%,Process,Wait Time & Speed of Service,Long Wait for Rep,Executive scorecard,0,No,Keep as-is,Retain diagnostic granularity while aligning scorecard visibility to volume.
Process,Wait Time & Speed of Service,Long/Multiple Holds,Care,150,0.16%,Process,Wait Time & Speed of Service,Long/Multiple Holds,Executive scorecard,0,No,Keep as-is,Retain diagnostic granularity while aligning scorecard visibility to volume.
Process,Wait Time & Speed of Service,Overall Interaction Took Too Long,All,398,0.41%,Process,Wait Time & Speed of Service,Overall Interaction Took Too Long,Executive scorecard,0,No,Keep as-is,Retain diagnostic granularity while aligning scorecard visibility to volume.
Process,Wait Time & Speed of Service,Service Was Fast/Quick/Efficient,All,938,0.97%,Process,Wait Time & Speed of Service,Service Was Fast/Quick/Efficient,Executive scorecard,0,No,Keep as-is,Retain diagnostic granularity while aligning scorecard visibility to volume.
Product,Coverage & Signal,Coverage Has Degraded / Used to Be Better,All,68,0.07%,Product,Coverage & Signal,Coverage Has Degraded / Used to Be Better,Analyst monitor tier,60,No,No structure change; visibility tier change,Retain diagnostic granularity while aligning scorecard visibility to volume.
Product,Coverage & Signal,Coverage Map Inaccurate / Promised Coverage Not Delivered,All,69,0.07%,Product,Coverage & Signal,Coverage Map Inaccurate / Promised Coverage Not Delivered,Analyst monitor tier,60,No,No structure change; visibility tier change,Retain diagnostic granularity while aligning scorecard visibility to volume.
Product,Coverage & Signal,Poor Coverage / No Signal in Area,All,62,0.06%,Product,Coverage & Signal,Poor Coverage / No Signal in Area,Analyst monitor tier,60,No,No structure change; visibility tier change,Retain diagnostic granularity while aligning scorecard visibility to volume.
Product,Data & Throttling,Data Throttled / Slowed Down,All,38,0.04%,Product,Data & Throttling,Data Throttled / Slowed Down,Analyst monitor tier,60,No,No structure change; visibility tier change,Retain diagnostic granularity while aligning scorecard visibility to volume.
Product,Data & Throttling,Data Usage Unclear / Unexpected Overage,All,97,0.10%,Product,Data & Throttling,Data Usage Unclear / Unexpected Overage,Analyst monitor tier,60,No,No structure change; visibility tier change,Retain diagnostic granularity while aligning scorecard visibility to volume.
Product,Data & Throttling,Wants Unlimited / More Data,All,820,0.85%,Product,Data & Throttling,Wants Unlimited / More Data,Executive scorecard,0,No,Keep as-is,Retain diagnostic granularity while aligning scorecard visibility to volume.
Product,Device & Equipment,Device / Equipment / Hardware Issue,All,17,0.02%,Product,Device & Equipment,Device / Equipment / Hardware Issue,Probation parking lot,60,No,No structure change; visibility tier change,Retain diagnostic granularity while aligning scorecard visibility to volume.
Product,Device & Equipment,Equipment Is Outdated / Needs Replacement,All,444,0.46%,Product,Device & Equipment,Equipment Is Outdated / Needs Replacement,Executive scorecard,0,No,Keep as-is,Retain diagnostic granularity while aligning scorecard visibility to volume.
Product,Device & Equipment,Modem-Router,All,104,0.11%,Product,Device & Equipment,Modem-Router,Executive scorecard,0,No,Keep as-is,Retain diagnostic granularity while aligning scorecard visibility to volume.
Product,Device & Equipment,Replacement Device / Equipment Swap Positive,All,58,0.06%,Product,Device & Equipment,Replacement Device / Equipment Swap Positive,Analyst monitor tier,60,No,No structure change; visibility tier change,Retain diagnostic granularity while aligning scorecard visibility to volume.
Product,Device & Equipment,Residential Gateway,All,14,0.01%,Product,Device & Equipment,Residential Gateway,Probation parking lot,60,No,No structure change; visibility tier change,Retain diagnostic granularity while aligning scorecard visibility to volume.
Product,Device & Equipment,Setup/Activate Equipment,All,6,0.01%,Product,Device & Equipment,Setup/Activate Equipment,Probation parking lot,60,No,No structure change; visibility tier change,Retain diagnostic granularity while aligning scorecard visibility to volume.
Product,Device & Equipment,WiFi Extender,All,18,0.02%,Product,Device & Equipment,WiFi Extender,Probation parking lot,60,No,No structure change; visibility tier change,Retain diagnostic granularity while aligning scorecard visibility to volume.
Product,Fiber & New Technology,5G Expectations / Request for 5G,All,30,0.03%,Product,Fiber & New Technology,5G Expectations / Request for 5G,Analyst monitor tier,60,No,No structure change; visibility tier change,Retain diagnostic granularity while aligning scorecard visibility to volume.
Product,Fiber & New Technology,Fiber Not Available / Request for Fiber,All,497,0.51%,Product,Fiber & New Technology,Fiber Not Available / Request for Fiber,Executive scorecard,0,No,Keep as-is,Retain diagnostic granularity while aligning scorecard visibility to volume.
Product,Fiber & New Technology,Fiber Service Positive / Love Fiber,All,1360,1.40%,Product,Fiber & New Technology,Fiber Service Positive / Love Fiber,Executive scorecard,0,No,Keep as-is,Retain diagnostic granularity while aligning scorecard visibility to volume.
Product,Home Phone Service,Home Phone,All,3446,3.55%,Product,Home Phone Service,Home Phone,Executive scorecard,0,No,Keep as-is,Retain diagnostic granularity while aligning scorecard visibility to volume.
Product,Internet / WiFi Service Quality,Internet / WiFi Intermittent / Drops Connection,All,513,0.53%,Product,Internet / WiFi Service Quality,Internet / WiFi Intermittent / Drops Connection,Executive scorecard,0,No,Keep as-is,Retain diagnostic granularity while aligning scorecard visibility to volume.
Product,Internet / WiFi Service Quality,Internet / WiFi Not Working / Down,All,1066,1.10%,Product,Internet / WiFi Service Quality,Internet / WiFi Not Working / Down,Executive scorecard,0,No,Keep as-is,Retain diagnostic granularity while aligning scorecard visibility to volume.
Product,Internet / WiFi Service Quality,Internet / WiFi Service Positive,All,56,0.06%,Product,Internet / WiFi Service Quality,Internet / WiFi Service Positive,Analyst monitor tier,60,No,No structure change; visibility tier change,Retain diagnostic granularity while aligning scorecard visibility to volume.
Product,Internet / WiFi Service Quality,Internet Is Slow / Poor Speed,All,200,0.21%,Product,Internet / WiFi Service Quality,Internet Is Slow / Poor Speed,Executive scorecard,0,No,Keep as-is,Retain diagnostic granularity while aligning scorecard visibility to volume.
Product,Internet / WiFi Service Quality,WiFi Coverage / Dead Spots in Home,All,37,0.04%,Product,Internet / WiFi Service Quality,WiFi Coverage / Dead Spots in Home,Analyst monitor tier,60,No,No structure change; visibility tier change,Retain diagnostic granularity while aligning scorecard visibility to volume.
Product,Service Outage,Experienced Service Outage / Area Outage,All,238,0.25%,Product,Service Outage,Experienced Service Outage / Area Outage,Executive scorecard,0,No,Keep as-is,Retain diagnostic granularity while aligning scorecard visibility to volume.
Product,Service Outage,No Communication During Outage / No ETA,All,24,0.03%,Product,Service Outage,No Communication During Outage / No ETA,Probation parking lot,60,No,No structure change; visibility tier change,Retain diagnostic granularity while aligning scorecard visibility to volume.
Product,Service Outage,Outage Duration Was Excessive,All,7,0.01%,Product,Service Outage,Outage Duration Was Excessive,Probation parking lot,60,No,No structure change; visibility tier change,Retain diagnostic granularity while aligning scorecard visibility to volume.
Product,Service Outage,Wants Credit / Refund for Outage Period,All,104,0.11%,Product,Service Outage,Wants Credit / Refund for Outage Period,Executive scorecard,0,No,Keep as-is,Retain diagnostic granularity while aligning scorecard visibility to volume.
Product,Wireless / Mobile Service Quality,Dropped Calls / Call Quality Issues,All,182,0.19%,Product,Wireless / Mobile Service Quality,Dropped Calls / Call Quality Issues,Executive scorecard,0,No,Keep as-is,Retain diagnostic granularity while aligning scorecard visibility to volume.
Product,Wireless / Mobile Service Quality,Wireless / Phone Service Not Working,All,128,0.13%,Product,Wireless / Mobile Service Quality,Wireless / Phone Service Not Working,Executive scorecard,0,No,Keep as-is,Retain diagnostic granularity while aligning scorecard visibility to volume.
Product,Wireless / Mobile Service Quality,Wireless Service Positive / Good Reception,All,41,0.04%,Product,Wireless / Mobile Service Quality,Wireless Service Positive / Good Reception,Analyst monitor tier,60,No,No structure change; visibility tier change,Retain diagnostic granularity while aligning scorecard visibility to volume.
Survey Artifact,Foreign Language Response,Non-English Response / Requires Translation,All,875,0.90%,Survey Artifact,Foreign Language Response,Non-English Response / Requires Translation,Executive scorecard,0,No,Keep as-is,Retain diagnostic granularity while aligning scorecard visibility to volume.
Survey Artifact,No Feedback / Blank Response,No Comment / Nothing Entered,All,1836,1.89%,Survey Artifact,No Feedback / Blank Response,No Comment / Nothing Entered,Executive scorecard,0,No,Keep as-is,Retain diagnostic granularity while aligning scorecard visibility to volume.
Survey Artifact,No Feedback / Blank Response,Single Word Non-Actionable,All,45,0.05%,Survey Artifact,No Feedback / Blank Response,Single Word Non-Actionable,Analyst monitor tier,60,No,No structure change; visibility tier change,Retain diagnostic granularity while aligning scorecard visibility to volume.
Survey Artifact,Score Correction / Rating Clarification,Perfect Score Affirmation / No Issue,All,196,0.20%,Survey Artifact,Score Correction / Rating Clarification,Perfect Score Affirmation / No Issue,Executive scorecard,0,No,Keep as-is,Retain diagnostic granularity while aligning scorecard visibility to volume.
Survey Artifact,Score Correction / Rating Clarification,Score Explanation / Meant Different Rating,All,1428,1.47%,Survey Artifact,Score Correction / Rating Clarification,Score Explanation / Meant Different Rating,Executive scorecard,0,No,Keep as-is,Retain diagnostic granularity while aligning scorecard visibility to volume.
Survey Artifact,Stop Survey / Opt-Out Request,Stop Sending Surveys / Too Many Surveys,All,381,0.39%,Survey Artifact,Stop Survey / Opt-Out Request,Stop Sending Surveys / Too Many Surveys,Executive scorecard,0,No,Keep as-is,Retain diagnostic granularity while aligning scorecard visibility to volume.
Survey Artifact,Survey Experience Complaint,Survey Too Long / Poorly Designed,All,111,0.11%,Survey Artifact,Survey Experience Complaint,Survey Too Long / Poorly Designed,Executive scorecard,0,No,Keep as-is,Retain diagnostic granularity while aligning scorecard visibility to volume.
Survey Artifact,Unintelligible / Gibberish,Random Characters / Keyboard Input,All,12,0.01%,Survey Artifact,Unintelligible / Gibberish,Random Characters / Keyboard Input,Probation parking lot,60,No,No structure change; visibility tier change,Retain diagnostic granularity while aligning scorecard visibility to volume.
Survey Artifact,Wrong Customer / Wrong Interaction,Wrong Person / Did Not Call,All,2999,3.09%,Survey Artifact,Wrong Customer / Wrong Interaction,Wrong Person / Did Not Call,Executive scorecard,0,No,Keep as-is,Retain diagnostic granularity while aligning scorecard visibility to volume.
